File Name,Classification
non1.jpg,2
non2.jpg,2
non3_1.jpg,2
non3.jpg,2
non4_1.jpg,2
non4.jpg,2
non5.jpg,2
non6.jpg,2
non7_1.jpg,2
non7.jpg,2
non8_1.jpg,2
non8.jpg,2
non9_1.jpg,2
non9.jpg,2
non11_1.jpg,2
non11.jpg,2
non12_1.jpg,2
non12.jpg,2
non13_1.jpg,2
non13.jpg,2
non14.jpg,2
non15.jpg,2
non16.jpg,2
non1a.jpg,2
non2a.jpg,2
non3a.jpg,2
non4a.jpg,2
non5a.jpg,2
tied1.jpg,1
tied2.jpg,1
tied4.jpg,1
tied6_1.jpg,1
tied6.jpg,1
tied7_1.jpg,1
tied7.jpg,1
tied8.jpg,1
tied9_1.jpg,1
tied9.jpg,1
tied10_1.jpg,1
tied10.jpg,1
tied11.jpg,1
tied12.jpg,1
tied13_1.jpg,1
tied13.jpg,1
tied14_1.jpg,1
tied14.jpg,1
tied15_1.jpg,1
tied15.jpg,1
tied16.jpg,1
tied17.jpg,1
tied18.jpg,1
tied19.jpg,1
tied20.jpg,1
tied21.jpg,1
tied22.jpg,1
tied24.jpg,1
tied25.jpg,1
tied27.jpg,1
tied28.jpg,1
tied30.jpg,1
tied32.jpg,1
tied33_1.jpg,1
tied33.jpg,1
tied35_1.jpg,1
tied35.jpg,1
tied36.jpg,1
tied37_1.jpg,1
tied37.jpg,1
tied38.jpg,1
tied40.jpg,1
tied41.jpg,1
tied42_1.jpg,1
tied42.jpg,1
tied43_1.jpg,1
tied43.jpg,1
tied44_1.jpg,1
tied44.jpg,1
tied45_1.jpg,1
tied45.jpg,1
tied46.jpg,1
tied47.jpg,1
tied48.jpg,1
tied1a.jpg,1
tied2a.jpg,1
tied3a.jpg,1
tied5a.jpg,1
tied6a.jpg,1
tied7a.jpg,1
tied8a.jpg,1
tied9a.jpg,1
tied10a.jpg,1
tied11a.jpg,1
tied12a.jpg,1
tied13a.jpg,1
tied14a.jpg,1
tied15a.jpg,1
tied16a.jpg,1
tied17a.jpg,1
tied18a.jpg,1
tied19a.jpg,1
tied20a.jpg,1
tied1_1b.jpg,1
tied1b.jpg,1
untied2.jpg,0
untied3.jpg,0
untied5.jpg,0
untied6_1.jpg,0
untied6.jpg,0
untied7_1.jpg,0
untied7.jpg,0
untied9_1.jpg,0
untied9.jpg,0
untied10.jpg,0
untied11.jpg,0
untied12.jpg,0
untied13_1.jpg,0
untied13.jpg,0
untied14_1.jpg,0
untied14.jpg,0
untied23.jpg,0
untied25.jpg,0
untied26.jpg,0
untied27.jpg,0
untied28.jpg,0
untied31_1.jpg,0
untied31.jpg,0
untied34.jpg,0
untied38.jpg,0
untied39.jpg,0
untied40.jpg,0
untied41_1.jpg,0
untied41.jpg,0
untied42.jpg,0
untied1a.jpg,0
untied2a.jpg,0
untied3a.jpg,0
untied4a.jpg,0
untied5a.jpg,0
untied6a.jpg,0
untied7a.jpg,0
untied8a.jpg,0
untied1_1b.jpg,0
untied1b.jpg,0
untied2_1b.jpg,0
untied2b.jpg,0
untied3_1b.jpg,0
untied3b.jpg,0
untied4b.jpg,0
untied5_1b.jpg,0
